Author,Title,Facebook Ads,Category,Grade,Link,Type,Date,Website Name,Website URL,URL
Alex Schultz,Growth,SEM,Growth,5,https://www.youtube.com/watch?v=n_yHZ_vKjno,Video,"Oct 9 , 2014",How To Start a Startup,http://startupclass.samaltman.com/,growth
James Currier,The next 10 years,SEO,Growth,4,https://www.youtube.com/watch?v=9PTT5Kb6610,Video,"Dec 12 , 2013",Youtube,https://www.youtube.com,the-next-10-years
Liz Gannes,"The Secret Behind Pinterest’s Growth Was Marketing, Not Engineering, Says CEO Ben Silbermann",Branding,Marketing,3,http://allthingsd.com/20121020/the-secret-behind-pinterests-growth-was-marketing-not-engineering-says-ceo-ben-silbermann/,Article,"Oct 20 , 2012",All Things D,http://allthingsd.com,/the-secret-behind-pinterests-growth-was-marketing-not-engineering-says-ceo-ben-silbermann
Dan Kaplan,Real Engines Of Growth Have Nothing To Do With Growth Hacking,PR,Growth,3,http://techcrunch.com/2014/03/22/the-real-engines-of-growth-on-the-internet/,Article,"Mars 22 , 2014",Tech Crunch,https://techcrunch.com,/the-real-engines-of-growth-on-the-internet
Andrew Chen,Growth Hacker is the new VP marketing,Positionning,Growth,3,http://andrewchen.co/how-to-be-a-growth-hacker-an-airbnbcraigslist-case-study/,Article,"April 27,2016",Andrewchen,http://andrewchen.co,/how-to-be-a-growth-hacker-an-airbnbcraigslist-case-study
Paul Graham,Startup = Growth,Analytics,Growth,5,http://www.paulgraham.com/growth.html,Article,sept. 2012,Paul Graham,http://www.paulgraham.com,stratup-growth
F8 Industry,Ready to Grow' Breakout Session,Engagement,Growth,4,http://original.livestream.com/f8industry/video?clipId=pla_a093cf1f-2d34-4e74-8377-9e54bc65d8e9,Video,"Apr 21 , 2010",Live Stream,http://original.livestream.com,Ready-to-Grow'-Breakout-Session
Josh Elman,The Secrets to Driving Massive user Growth,Activation,Growth,4,https://www.youtube.com/watch?v=AaMqCWOfA1o,Video,"Aug 29 , 2013",Youtube,https://www.youtube.com,The-Secrets-to-Driving-Massive-user-Growth
Alex Schultz,Get a billion people to adopt a product (with Facebook & Foundation Capital),Retention,Growth,4,https://www.youtube.com/watch?v=UrVhp3V_rlk,Video,"Dec 23 , 2014",Youtube,https://www.youtube.com,Get-a-billion-people-to-adopt-a-product-(-with-Facebook-&-Foundation-Capital-)
Chamath Palihapitiya,Facebook's Growth Hacker on how they put Facebook on the Path to 1 Billion Users,Copywriting,Growth,5,http://fr.slideshare.net/growthhackersconference/how-we-put-facebook-on-the-path-to-1-billion-users,Presentation,"Jan 14 , 2013",Slideshare ( French ),http://fr.slideshare.net,how-we-put-facebook-on-the-path-to-1-billion-users
Chamath Palihapitiya,How we put Facebook on the path to 1 billion users,CRO,Growth,5,https://www.youtube.com/watch?v=raIUQP71SBU,Video,"Jan 9 , 2013",Youtube,https://www.youtube.com,How-we-put-Facebook-on-the-path-to-1-billion-users
Andy Johns,What is Facebook's User Growth Team responsible for and what have they launched?,Email Marketing,Growth Team,4,http://www.quora.com/What-is-Facebooks-User-Growth-team-responsible-for-and-what-have-they-launched,Article,"May 11 , 2012",Quora,https://www.quora.com,What-is-Facebooks-User-Growth-team-responsible-for-and-what-have-they-launched
Andy Johns,Growth 101: Wealthfront’s Andy Johns on How to Build (and Test) A Sustainable Growth Model,ASO,Growth Model,4,https://indexventures.com/news-room/index-insight/growth-101-wealthfront%E2%80%99s-andy-johns-on-how-to-build-and-test-a-sustainable,Article,"May 21 , 2015",Index Ventures,https://indexventures.com,Growth-10--Wealthfront’s-Andy-Johns-on-How-to-Build-and-Test-A-Sustainable-Growth-Model
Elliot Shmukler,The Billion Dollar Question,Mobile Marketing,Growth,4,https://www.youtube.com/watch?v=npAzREgDnoA,Video,"Aug 14 , 2014",Youtube,https://www.youtube.com,The-Billion-Dollar-Question
Saar Gur,Why Most Startups Fail at Acquiring New Customers (and how you can succeed!),Onboarding,Growth,3,http://fr.slideshare.net/saarsaar/why-most-startups-fail-at-acquiring-new-customers-and-how-you-can-succeed,Presentation,"Jan 2 , 2014",Slideshare,http://fr.slideshare.net,why-most-startups-fail-at-acquiring-new-customers-and-how-you-can-succeed
Samuel Hulick,If by growth hacking...,Lead Generation,Growth,3,https://medium.com/designing-for-results/if-by-growth-hacking-b3d057fcc0a3,Article,"Sep 30 , 2014",User On Board,https://ux.useronboard.com,if-by-growth-hacking
Sachin Rekhi,Growth Lessons Learned from LinkedIn,Paid Marketing,Growth,3,https://www.linkedin.com/pulse/growth-lessons-learned-from-linkedin-sachin-rekhi,Article,"June 22 , 2015",LinkedIn,https://www.linkedin.com,growth-lessons-learned-from-linkedin
Fred Wilson,Growth vs Retention,Growth,"Growth, Retention",3,http://avc.com/2015/07/growth-vs-retention/,Article,"July 27 , 2015",AVC,http://avc.com,growth-vs-retention
Andy Johns,How The Growth Team Helped Facebook Reach 500 Million Users,Growth Team,Growth Team,3,http://www.forbes.com/sites/quora/2014/09/15/how-the-growth-team-helped-facebook-reach-500-million-users/,Article,"Sep 15 , 2014",Forbes,http://www.forbes.com,how-the-growth-team-helped-facebook-reach-500-million-users
Andrew Chen,What does a growth hacker do on a day to day basis?,Growth Model,Growth,3,http://www.quora.com/What-does-a-growth-hacker-do-on-a-day-to-day-basis,Article,"June 30 , 2012",Quora,http://www.quora.com,What-does-a-growth-hacker-do-on-a-day-to-day-basis
Gregory Ciotti,What you gain with a Growth Team,Growth Engineering,Growth Team,4,http://www.helpscout.net/blog/growth-teams/,Article,"Mar 17 , 2015",Help Scout,https://www.helpscout.net,growth-teams
500Distro,"Testing Features, Debunking ""Best Practices,"" & Rethinking the Org Chart",Experimentation,Growth,3,https://www.youtube.com/watch?v=PEcymkEdTKU,Video,"Aug 12 , 2014",Youtube,https://www.youtube.com,Testing-Features-Debunking-Best Practices-&-Rethinking-the-Org-Chart
John Egan,"Measuring for Engagement: Understanding User Gains, Losses & Levels of Interaction",Growth Career,Engagement,3,https://www.youtube.com/watch?v=NghOllGvv4E,Video,"Aug 12 , 2014",Youtube,https://www.youtube.com,Measuring-for-Engagement-Understanding-User-Gains-Losses-&-Levels-of-Interaction
Adam Fishman,Five Tenets of a Successful Growth Team,Product,Growth Team,3,https://medium.com/@fish/five-tenets-of-a-successful-growth-team-1ee76ac4ca74,Article,"May 11 , 2015",Medium,https://medium.com,five-tenets-of-a-successful-growth-team
Dan Olsen,How to Create Products for Growth by Dan Olsen at Growth Hacking Summit,Testing,Growth,3,http://fr.slideshare.net/dan_o/how-to-create-products-for-growth-by-dan-olsen-at-growth-hacking-summit,Presentation,"Aug 4 , 2015",Slideshare ( French ),http://fr.slideshare.net,How-to-Create-Products-for-Growth-by-Dan-Olsen-at-Growth-Hacking-Summit
TractionConf,Growth: Myth or Reality?,Marketing,Growth,3,https://clip.mn/video/yt-5g4CQKUZQvY,Video,"Aug 4 , 2015",,,
Jacques Mattheij,Retention Is The Key,Growth Process,Retention,3,http://jacquesmattheij.com/retention-is-the-key,Article,"Aug 6 , 2015",Jacques Mattheij,https://jacquesmattheij.com,retention-is-the-key
Ben Gregory,Engineering Growth: An Interview with John Egan,,Growth,3,http://www.astronomer.io/blog/engineering-growth-an-interview-with-pinterests-john-egan,Article,"Feb 10 , 2015",Astronomer Blog,http://www.astronomer.io,Engineering-Growth-An-Interview-with-John-Egan
Jean Yang,Lessons in growth and increasing signups,,Growth,3,https://engineering.pinterest.com/blog/lessons-growth-and-increasing-signups,Article,"Oct 21 , 2014",Medium,https://medium.com,lessons-in-growth-and-increasing-signups
Aatif Awan,Growth Hacking is Dead. Long Live Growth,,Growth,3,https://www.youtube.com/watch?v=bqNP0ZGLddc,Video,"Jan 23 , 2016",Youtube,https://www.youtube.com,Growth-Hacking-is-Dead-Long-Live-Growth
Aatif Awan,Lessons learned from growing Linkedin to 400M members,,Growth,4,http://fr.slideshare.net/AatifAwan/lessons-learned-from-growing-linkedin-to-400m-members-growth-hackers-conference-2016,Presentation,"Feb 18 , 2016",Slideshare ( French ),http://fr.slideshare.net,lessons-learned-from-growing-linkedin-to-400m-members-growth-hackers-conference-2016
Sean Ellis,SaaSFest 2015: Accelerating Organic Growth Through High Tempo Testing,,Experimentation,3,http://de.slideshare.net/seanellis/saasfest-2015-accelerating-organic-growth-through-high-tempo-testing,Presentation,"Dec 10 , 2015",Slideshare ( German ),https://de.slideshare.net,saasfest-2015-accelerating-organic-growth-through-high-tempo-testing
Paul J / Pivot,Growth just ate my backlog !,,Growth,3,https://artplusmarketing.com/growth-just-ate-my-backlog-d9fb5c2689fb,Article,"Dec 10 , 2015"
Brian Balfour,"Learning and Impact, Over Ideas and Activity",,Growth Process,4,http://www.coelevate.com/essays/learning-and-impact-over-ideas-and-activity,Article,"Feb 25 , 2016",CoElevate,http://www.coelevate.com,learning-and-impact-over-ideas-and-activity
AirBnB,Driving Sustainable Growth,,Growth,3,https://www.youtube.com/watch?v=-gkc4kNCyuY,Video,"May 5 , 2014",Youtube,https://www.youtube.com,Driving-Sustainable-Growth
Josh Elman,Growth,,Growth,3,https://zana.io/lessons/growth/growth-vs-hacking/,Video,"May 5 , 2014",,,
Gustaf Alströmer,Product Growth,,Growth,3,https://zana.io/lessons/product-growth/growth/,Video,"May 5 , 2014",,,
Justin Megahan,Andrew Chen on the state of growth hacking,,Growth,3,https://mixpanel.com/blog/2016/03/16/andrew-chen-and-the-state-of-growth-hacking,Article,"Mar 16 , 2016",Mix Panel,https://blog.mixpanel.com,andrew-chen-and-the-state-of-growth-hacking
Matt Lerner,Growth Hacking 101,,Growth Process,3,http://www.slideshare.net/matt_lerner/growth-hacking-101-matt-lerner,Presentation,"Sep 8 , 2015",Slideshare ( English ),https://www.slideshare.net,growth-hacking-101-matt-lerner
Brian Balfour,How to (actually) become elite at growth,,Growth Career,3,https://www.youtube.com/watch?v=7ehZn-Ma1Ow,Video,"Nov 8 , 2016",Youtube,https://www.youtube.com,How-to-actually-become-elite-at-growth
Andrew Chen,What's next in Growth?,,Growth,3,http://andrewchen.co/whats-next-in-growth-and-marketing-for-tech/,Article,"Nov 8 , 2016",Andrew Chen Blog,http://andrewchen.co,whats-next-in-growth-and-marketing-for-tech
Brian Balfour,Growth vs Marketing vs Product,,"Growth, Marketing, Product",4,http://www.coelevate.com/essays/growth-vs-marketing-vs-product,Article,"Apr 17 , 2014",CoElevate,http://www.coelevate.com,growth-vs-marketing-vs-product
Andy Johns,How to Scale Your Business with Growth Expert Andy Johns Shares,,Growth Team,4,https://youtu.be/eqeS8US10_k?t=40m10s,Video,"Nov 25 , 2013",Youtube,https://www.youtube.com,How-to-Scale-Your-Busines-with-Growth-Expert-Andy-Johns-Shares
Luke Thomas,The Growth Team: The most impactful team the Enterprise doesn’t have…..yet,,Growth Team,4,http://gainbits.com/the-growth-team-the-most-impactful-team-the-enterprise-doesnt-have-yet/,Article,"Nov 25 , 2013",GainBits,http://gainbits.com,the-growth-team-the-most-impactful-team-the-enterprise-doesnt-have-yet
Josh Schwarzapel,How to Start a Growth Team,,Growth Team,4,https://medium.com/android-news/how-to-start-a-growth-team-ff70cd29c0f2,Article,"July 9 , 2015",Medium,https://medium.com,how-to-start-a-growth-team
Rob Go,What Makes a Great Consumer Startup Marketer?,,Growth Career,3,http://nextviewventures.com/blog/consumer-startup-marketing/,Article,"July 28 , 2015",NextView,http://nextviewventures.com,consumer-startup-marketing
Chris McCann,"Building a Growth Model for Your Company "" Insights From Andy Johns """,,Growth Model,3,http://www.greylock.com/building-growth-model-company/,Article,"June 23 , 2015",GreyLock,http://www.greylock.com,building-growth-model-company
Ashley Friedlein,How do you create a marketing function fit for the future?,,Marketing,3,https://econsultancy.com/blog/11264-how-do-you-create-a-marketing-function-fit-for-the-future,Article,"Dec 13 , 2012",Econsultancy,https://econsultancy.com,how-do-you-create-a-marketing-function-fit-for-the-future
Optimizely,Building Your Testing Organization,,Testing,3,https://learn.optimizely.com/hc/en-us/articles/202931598-Strategy-Lesson-Building-Your-Testing-Organization,Article,"Dec 13 , 2012",,,
Patrick Mee ,How We Built the AdRoll Growth Team,,Growth Team,3,http://tech.adroll.com/blog/adroll/2015/07/27/how-we-built-the-adroll-growth-team.html,Article,"July 27 , 2015",ADRoll,http://tech.adroll.com,how-we-built-the-adroll-growth-team
Samuel J. Woods,The Answer To: “When Do We Build A Growth Team?” – Part 1,,No Category,,http://samueljwoods.com/answer-when-build-growth-team-part-1/,Article,,Samuel J. Woods,http://samueljwoods.com,answer-when-build-growth-team-part-1
Andy Johns,What is the optimal structure of a growth team?,,No Category,,http://www.quora.com/What-is-the-optimal-structure-of-a-growth-team,Article,"Aug 22 , 2012",Quora,https://www.quora.com,What-is-the-optimal-structure-of-a-growth-team
Adam Breckler,Growth is a Team Sport,,No Category,,https://medium.com/@adambreckler/growth-is-a-team-sport-16315171166a,Article,"July 28 , 2014",Medium,https://medium.com,growth-is-a-team-sport
Zach Bulygo,The 5 Mindset of growth,,No Category,,https://blog.kissmetrics.com/five-mindsets-of-growth/,Article / Video,,Kissmetrics Blog,https://blog.kissmetrics.com,five-mindsets-of-growth
Adam Bryant,"Teaching All Employees to Keep Score "" Adam Nash, C.E.O. of Wealthfront, on the Value of Metrics """,,No Category,,http://www.nytimes.com/2014/06/13/business/adam-nash-ceo-of-wealthfront-on-the-value-of-metrics.html,Article,"June 12 , 2014",The New York Times,https://www.nytimes.com,adam-nash-ceo-of-wealthfront-on-the-value-of-metrics
Aaron Ginn,How to build a growth hacking culture,,No Category,,http://fr.slideshare.net/AaronGinn/culture-of-growth,Presentation,"Feb 9 , 2013",Slideshare ( French ),http://fr.slideshare.net,culture-of-growth
Josh Elman,Four Questions Towards Understanding User Adoption of Your Product,,No Category,,https://medium.com/@joshelman/four-questions-to-understanding-adoption-8fc499910e8a,Article,"Aug 4 , 2015",Medium,https://medium.com,four-questions-to-understanding-adoption
Wyatt Jenkins,A/B Testing and the Benefits of an Experimentation Culture,,No Category,,https://hbr.org/2014/02/ab-testing-and-the-benefits-of-an-experimentation-culture/,Article,"Feb 5 , 2014",Harvard Business Review,https://hbr.org,ab-testing-and-the-benefits-of-an-experimentation-culture
Optimizely,How to find (or become) the next great growth marketer,,No Category,,https://blog.optimizely.com/wp-content/uploads/2015/04/Optimizely_GrowthMarketer_Infographic.png,Article ( Picture ),,Optimizely Blog,https://blog.optimizely.com,Optimizely_GrowthMarketer_Infographic
Andrew McInnes,How do you choose the best growth team model,,No Category,,https://medium.com/@ahmcinnes/how-do-you-choose-the-best-growth-team-model-632ad5a85be9,Article,"Oct 19 , 2015",Medium,https://medium.com,how-do-you-choose-the-best-growth-team-model
Greg Buckner,The Case for User Growth Teams,,No Category,,http://quibb.com/links/andy-johns-the-case-for-user-growth-teams,Article,"Jan 1 , 2013",Quibb,http://quibb.com,andy-johns-the-case-for-user-growth-teams
Andrew Chen,"Chat with Andrew Chen, Supply Growth at Uber",,No Category,,https://www.youtube.com/watch?v=m8DQpqJwo3Q&list=PL80gASRx0C-fF-b8gUXRJC0oPjGIjj58j&index=2,Video,"Jan 12 , 2016",Youtube,https://www.youtube.com,
Paul Clayton Smith,How we design on Uber Growth Team,,No Category,,https://medium.com/uber-design/how-we-design-on-the-uber-growth-team-f1aef966d4a7#.uxzf57cam,Article,"Mar 2 , 2016",Medium,https://medium.com,how-we-design-on-the-uber-growth-team
Matt Lerner,How to Hire & Manage Growth Teams,,No Category,,https://drive.google.com/file/d/0B8AOwcvjck76S3dUNHd4S1ZGTU0/view,"Book "" Article ""","Aug 2 , 2016",Google Drive,https://drive.google.com,How-to-Hire-&-Manage-Growth-Teams
Adam Mosseri,"Data Informed, Not Data Driven",,No Category,,https://www.youtube.com/watch?v=bKZiXAFeBeY,Video,"Sep 28 , 2010",Youtube,https://www.youtube.com,Data-Informed-Not-Data-Driven
George Lee,Running growth for a 116 million user social network,,No Category,,https://www.youtube.com/watch?v=3ksSTWSheRo,Video,"Nov 8 , 2016",Youtube,https://www.youtube.com,Running-growth-for-a-116-million-user-social-network
Brian Balfour,The Scientific Method: How to Design & Track Viral Growth Experiments,,No Category,,https://www.youtube.com/watch?v=0APJlxMjPw4,Video,"Aug 12 , 2014",Youtube,https://www.youtube.com,The-Scientific-Method-How-to-Design-&-Track-Viral-Growth-Experiments
Dan Wolchonok,Insider Look at Hubspot / Sidekick Growth Approach,,No Category,,http://onstartups.com/insider-look-at-hubspot-sidekick-growth-approach,Article,"Mar 18 , 2015",OnStartups,http://onstartups.com,insider-look-at-hubspot-sidekick-growth-approach
Luke Thomas,Running Marketing Experiments with Purpose,,No Category,,http://lukethomas.com/running-marketing-experiments-with-purpose/,Article,"Mar 30 , 2013",Luke Thomas,http://lukethomas.com,running-marketing-experiments-with-purpose
Sandi MacPherson,"Elliot Shmukler (Wealthfront, ex-LinkedIn) - Transition to growth and building your growth machine",,No Category,,http://quibb.com/links/elliot-shmukler-wealthfront-ex-linkedin-transition-to-growth-and-building-your-growth-machine,Article,"Jan 1 , 2013",Quibb,http://quibb.com,elliot-shmukler-wealthfront-ex-linkedin-transition-to-growth-and-building-your-growth-machine
Science Buddies,Steps of The Scientific Method,,No Category,,http://www.sciencebuddies.org/science-fair-projects/project_scientific_method.shtml,Article / Presentation,,Science Buddies,http://www.sciencebuddies.org,project_scientific_method
Brian Balfour,The First Step To Building A Growth Machine,,No Category,,http://www.coelevate.com/essays/growth-process-first-tactics-second,Article / Video,"Sep 24 , 2014",CoElevate,http://www.coelevate.com,growth-process-first-tactics-second
Wikipedia,The Scientific Method,,No Category,,https://en.wikipedia.org/wiki/Scientific_method,Article,,Wikipedia ,https://en.wikipedia.org,Scientific_method
Optimizely,Testing Strategy,,No Category,,https://learn.optimizely.com/hc/en-us/articles/201849886-Strategy-Activity-Create-a-Top-10-Idea-List,,,,,
Optimizely,Sharing Test Results,,No Category,,https://help.optimizely.com/hc/en-us/articles/200515155-Sharing-test-results,Article,"Sep 8 , 2016",Optiverse,https://help.optimizely.com,Share_your_results_with_stakeholders
Hudson Arnold,What’s Next? Steps For Prioritizing Your Experiment Backlog,,No Category,,https://blog.optimizely.com/2015/02/17/whats-next-steps-for-prioritizing-your-experiment-backlog/,Article,"Feb 17 , 2015",Optimizely Blog,https://blog.optimizely.com,whats-next-steps-for-prioritizing-your-experiment-backlog
Optimizely,How do you prioritize what to test first?,,No Category,,https://community.optimizely.com/t5/Strategy-Culture/How-do-you-prioritize-what-to-test-first/m-p/2982#M74,Article,July 2014,Optiverse,https://community.optimizely.com,How-do-you-prioritize-what-to-test-first
Chris Goward,How to Prioritize Conversion Rate Optimization Tests Using PIE,,No Category,,http://www.widerfunnel.com/conversion-rate-optimization/how-to-prioritize-conversion-rate-optimization-tests-using-pie,Article,"May 19 , 2013",Wider Funnel,https://www.widerfunnel.com,how-to-prioritize-conversion-rate-optimization-tests-using-pie
Shana Rusonis,How to Write a Solid A/B Test Hypothesis,,No Category,,https://blog.optimizely.com/2015/01/29/why-an-experiment-without-a-hypothesis-is-dead-on-arrival/,Article,"Jan 29 , 2015",Optimizely Blog,https://blog.optimizely.com,why-an-experiment-without-a-hypothesis-is-dead-on-arrival
Optimizely,Best test archiving and tracking?,,No Category,,https://community.optimizely.com/t5/Strategy-Culture/Best-test-archiving-and-tracking/td-p/9932,Article,"Mar 1 , 2015",Optiverse,https://community.optimizely.com,Best-test-archiving-and-tracking
Optimizely user,Editing experiment,,No Category,,http://monosnap-m.s3-website-us-east-1.amazonaws.com/Editing_experiment_-_TNW_BI_2015-03-19_13-07-34.png,Picture,,,,Editing-experiment
Optimizely,What is your testing documentation structure?,,No Category,,https://community.optimizely.com/t5/Strategy-Culture/What-is-your-testing-documentation-structure/m-p/3238#M83,Article,"July 1 , 2014",Optiverse,https://community.optimizely.com,What-is-your-testing-documentation-structure
Conversion Rate Experts,The CRE Methodology,,No Category,,http://www.conversion-rate-experts.com/methodology/,Article,,Conversion Rate Experts,http://www.conversion-rate-experts.com,our-methodology
Andrew Chen,The most common mistake when forecasting growth for new products (and how to fix it)",,No Category,,http://andrewchen.co/the-most-common-mistake-when-forecasting-growth-for-new-products-and-how-to-fix-it/,Article,,Andrew Chen Blog,http://andrewchen.co,the-most-common-mistake-when-forecasting-growth-for-new-products-and-how-to-fix-it
Conversion Rate Experts,Design Page,,No Category,,http://www.conversion-rate-experts.com/design/,Article,,Conversion Rate Experts,http://www.conversion-rate-experts.com,design
WiderFunnel,Website Testing,,No Category,,http://www.widerfunnel.com/solutions/website-testing,Article,,Wider Funnel,https://www.widerfunnel.com,website-testing
Ivan Kreimer,How to build a growth model,,No Category,,http://talk.andrewchen.co/t/how-to-build-a-growth-model/2164/4,Article / Video,"July 9 , 2015",The Back Story,http://talk.andrewchen.co,how-to-build-a-growth-model
Jordi Cabot,A/B TESTING: THE SCIENTIFIC METHOD TO OPTIMIZE YOUR WEBSITE,,No Category,,http://torquemag.io/ab-testing-scientific-method-optimize-website/,Article,"Oct 10 , 2014",Torque,https://torquemag.io,ab-testing-scientific-method-optimize-website
Jakob Nielsen,Putting A/B testing in its place,,No Category,,http://www.nngroup.com/articles/putting-ab-testing-in-its-place/,Article,"Aug 15 , 2005",Nielsen Norman Group,https://www.nngroup.com,putting-ab-testing-in-its-place
Sushmita Subramanian,"How Lumosity Spiked Active Users 10% with Complexity, Not Simplicity",,No Category,,http://firstround.com/review/How-Lumosity-Spiked-Active-Users-10-with-Complexity-Not-Simplicity/,Article / Video,,First Round Review,http://firstround.com,How-Lumosity-Spiked-Active-Users-10-with-Complexity-Not-Simplicity
RealTime Board,Inside the Process of Conversion Rate Optimization,,No Category,,https://medium.com/real-time-collaboration-tips/inside-the-process-of-conversion-rate-optimization-41750884ce7e#.gxckbd9pn,Article,"Oct 14 , 2015",Medium,https://medium.com,inside-the-process-of-conversion-rate-optimization
Josh Elman,Building your Growth Model and ladder of engagement,,No Category,,https://medium.com/@joshelman/building-your-growth-model-and-ladder-of-engagement-3b3a18f2d1a8#.9v9yf1l1i,Article,"Feb 7 , 2016",Medium,https://medium.com,building-your-growth-model-and-ladder-of-engagement
Archana Madhavan,How to set retention goals like a scientist,,No Category,,https://amplitude.com/blog/2016/02/11/set-retention-goals/,Article,"Feb 11 , 2016",Amplitude,https://amplitude.com,set-retention-goals
Andy Johns,"Indispensable Growth Framework from my years at Facebook, Twitter & Wealthfront",,No Category,,http://firstround.com/review/indispensable-growth-frameworks-from-my-years-at-facebook-twitter-and-wealthfront/,Article,,First Round Review,http://firstround.com,indispensable-growth-frameworks-from-my-years-at-facebook-twitter-and-wealthfront
Chandini Ammineni,500 Startups Growth Process,,No Category,,https://drive.google.com/file/d/0B8AOwcvjck76ekZsZS1LaG5jeDQ/view,"Book "" Article """,,Google Drive ,https://drive.google.com,500-Startup-Growth-Process
Chandini Ammineni,Building a Pipeline of Experiments,,No Category,,https://drive.google.com/file/d/0B8AOwcvjck76VmNjSnBPRHVXUFk/view,"Book "" Article """,,Google Drive ,https://drive.google.com,Building-a-Pipeline-of-Experiments
Matt Lerner,Growth hacking 101,,No Category,,http://www.slideshare.net/matt_lerner/growth-hacking-101-matt-lerner,Presentation,"Sep 8 , 2015",Slideshare ( English ),https://www.slideshare.net,growth-hacking-101-matt-lerner
Josephine Foucher,How to Find & Prioritize the Best Growth Ideas,,No Category,,https://www.youtube.com/watch?v=prx03pft2cw,Video,"July 26 , 2016",Youtube,https://www.youtube.com,How-to-Find-&-Prioritize-the-Best-Growth-Ideas
Casey Winters,The Right Way To Set Goals for Growth,,No Category,,http://caseyaccidental.com/growth-goals,Article,"Aug 16 , 2016",Casey Accidental,http://caseyaccidental.com,growth-goals
Facebook Developers,Growth Accounting & Retention curve,,No Category,,https://www.facebook.com/photo.php?v=3707283286197,Video,"Apr 4 , 2012",Facebook,https://www.facebook.com,Facebook-for-Developer
Jean de La Rochebrochard,How to calculate the virality effect / spreading rate of your application,,No Category,,https://medium.com/welcome-to-thefamily/how-to-calculate-the-network-effect-virality-rate-of-your-application-bd0ba72fe5fb,Article,"July 29 , 2015",Medium,https://medium.com,how-to-calculate-the-network-effect-virality-rate-of-your-application
Josh Elman,3 Growth Hacks: The Secrets to Driving Massive user Growth.,,No Category,,https://youtu.be/AaMqCWOfA1o?t=28m27s,Video,"Aug 29 , 2013",Youtube,https://www.youtube.com,3-Growth-Hacks-The-Secrets-to-Driving-Massive-user-Growth.
Josh Elman,The Only Metric That Matters,,No Category,,https://www.youtube.com/watch?v=uCIQPV6lOdY,Video,"Aug 12 , 2014",Youtube,https://www.youtube.com,The-Only-Metric-That-Matters
Sachin Rekhi,A Practitioner's Guide to Net Promoter Score (NPS),,No Category,,https://www.linkedin.com/pulse/practitioners-guide-net-promoter-score-nps-sachin-rekhi,Article,"June 18 , 2015",LinkedIn,https://www.linkedin.com,practitioners-guide-net-promoter-score-nps-sachin-rekhi
Frederick F. Reichheld,The One Number You Need To Grow,,No Category,,https://hbr.org/2003/12/the-one-number-you-need-to-grow,Article,"Dec 1 , 2003",Harvard Business Review,https://hbr.org,the-one-number-you-need-to-grow
Gainbits,Cohort Analysis : A look at cohorts in Google Analytics .,,No Category,,http://gainbits.com/cohort-analysis-google-analytics/,Article,,Gainbits,http://gainbits.com,cohort-analysis-google-analytics
Leo Faria ,The right SaaS metrics for each stage of your company,,No Category,,http://blog.saasmetrics.co/the-right-saas-metrics-for-each-stage-of-your-company/,Article,"July 23 , 2015",Saasmetrics,http://blog.saasmetrics.co,the-right-saas-metrics-for-each-stage-of-your-company
Aliisa Hodges,Measuring on Mobile: Making the Most of the Signup Funnel & Other Analytic Hot Spots,,No Category,,https://www.youtube.com/watch?v=6W7gbFQwzRY,Video,"Aug 12 , 2014",Youtube,https://www.youtube.com,Measuring-on-Mobile-Making-the-Most-of-the-Signup-Funnel-&-Other-Analytic-Hot-Spots
Ian Malpass,"Measure Anything, Measure Everything",,No Category,,https://codeascraft.com/2011/02/15/measure-anything-measure-everything/,Article,"Feb 15 , 2011",Code as Craft,https://codeascraft.com,measure-anything-measure-everything
Spenser Skates,The Future of Analytics,,No Category,,https://amplitude.com/blog/2015/08/05/the-future-of-analytics/,Article / Video,"Aug 5 , 2015",Amplitude,https://amplitude.com,the-future-of-analytics
Sunil Sadasivan,How Buffer uses MongoDB to power its Growth Platform,,No Category,,http://blog.mongodb.org/post/88274262823/how-buffer-uses-mongodb-to-power-its-growth,Article,"June 9 , 2014",mongo DB,https://www.mongodb.com,how-buffer-uses-mongodb-to-power-its-growth
Jamie Quint,Metrics Debt,,No Category,,http://jamiequint.com/metrics-debt,Article,"Aug 20 , 2014",Jamie Quint Blog,http://jamiequint.com,metrics-debt
Andy Granowitz,Building an Analytics Pipeline in 2015,,No Category,,http://www.wagonhq.com/blog/building-an-analytics-pipeline,Article,"Aug 6 , 2015",Wagon,https://www.wagonhq.com,building-an-analytics-pipeline
Astronomer,Your Product Analytics Journey,,No Category,,http://astronomer.io/your-product-analytics-journey/,,,,,
Adam Cataldo,Lessons Learned when Scaling our Data Analytics Platform,,No Category,,http://eng.wealthfront.com/2014/08/lessons-learned-when-scaling-our-data.html,Article,"Aug 20 , 2014",Wealthfront Engineering,http://eng.wealthfront.com,lessons-learned-when-scaling-our-data-analytics-platform
Avery Moon,Statistics Is Eating the World,,No Category,,http://eng.wealthfront.com/2014/08/statistics-is-eating-world.html,Article,"Aug 15 , 2014",Wealthfront Engineering,http://eng.wealthfront.com,statistics-is-eating-world
Liam Gooding,5 Steps To Becoming A Data Driven Organisation,,No Category,,blog.trak.io/5-steps-to-becoming-a-data-driven-organisation/,Article,"Aug 12 , 2015",Trakio Blog,http://blog.trak.io,5-steps-to-becoming-a-data-driven-organisation
Martin Michelsen,Logging and Aggregation at Quora,,No Category,,http://engineering.quora.com/Logging-and-Aggregation-at-Quora,Article,"July 10 , 2014",Quora,https://engineering.quora.com,Logging-and-Aggregation-at-Quora
Jason Palmer,Analytics at Spotify,,No Category,,https://labs.spotify.com/2013/05/13/analytics-at-spotify/,Article,"Mar 13 , 2013",Spotify Labs,https://labs.spotify.com,analytics-at-spotify
Strava,Analytics at Strava,,No Category,,http://engineering.strava.com/analytics-at-strava/,,,,,
Steve Wilhelm,Amazon Mobile Analytics,,No Category,,https://news.ycombinator.com/item?id=8381083,Article,"Oct , 2014",Hacker News,https://news.ycombinator.com,Amazon-Mobile-Analytics
Simon Torring,The dangers of the “Google Analytics-powered Startup”,,No Category,,http://simontorring.com/google-analytics/,Article,"Feb 22 , 2015",,http://simontorring.com,google-analytics
Matt Walker,Funnel Analysis in Hadoop at Etsy,,No Category,,http://fr.slideshare.net/mwalkerinfo/funnel-analysis-in-hadoop-at-etsy,Presentation,"Mar 17 , 2013",Slideshare ( French ),http://fr.slideshare.net,funnel-analysis-in-hadoop-at-etsy
USERCycle,Watch Weekly Cohort Retention from Day 1,,No Category,,http://blog.usercycle.com/watch-weekly-cohort-retention-from-day-one/,,,,,
Dan McKinley,"Whom the Gods Would Destroy, They First Give Real-time Analytics",,No Category,,http://mcfunley.com/whom-the-gods-would-destroy-they-first-give-real-time-analytics,Article,"Jan 9 , 2013",Dan McKinley Blog,http://mcfunley.com,whom-the-gods-would-destroy-they-first-give-real-time-analytics
John Egan,Data Driven Growth,,No Category,,http://fr.slideshare.net/jwegan/data-driven-growth/12,Presentation,"Aug 20 , 2014",Slideshare ( French ),http://fr.slideshare.net,data-driven-growth
John Egan,Measuring for engagement,,No Category,,http://fr.slideshare.net/jwegan/measuring-for-engagement,Presentation,"Aug 13 , 2015",Slideshare ( French ),http://fr.slideshare.net,measuring-for-engagement
Stitch,Setting the Data Strategy for Your Growing Organization,,No Category,,https://rjmetrics.com/resources/guide/setting-your-data-strategy,Article,,Stitch,https://www.stitchdata.com,setting-your-data-strategy
Bobby Johnson ,The Sushi Principle: Raw Data Is Better,,No Category,,http://www.interana.com/blog/the-sushi-principle-raw-data-is-better,Video,"Apr 6 , 2015",Interana,https://www.interana.com,the-sushi-principle-raw-data-is-better
Bobby Johnson,"Don't Be Data Driven, Just Be Informed",,No Category,,http://www.interana.com/blog/dont-be-data-driven-just-be-informed,Article,"Oct 5 , 2014",Interana,https://www.interana.com,dont-be-data-driven-just-be-informed
Ivo Dujmovic ,Becoming a Data-Driven Organization: Democratizing Access to Data through Self-Service Analytics,,No Category,,http://www.interana.com/blog/becoming-a-data-driven-organization-democratizing-access-to-data-through-self-service-analytics,Article,"May 14 , 2015",Interana,https://www.interana.com,becoming-a-data-driven-organization-democratizing-access-to-data-through-self-service-analytics
Ivo Dujmovic ,Event Data Exploration is a Process Rather Than a Singular Step,,No Category,,http://www.interana.com/blog/event-data-exploration-is-a-process-rather-than-a-singular-step,Article,"May 22 , 2015",Interana,https://www.interana.com,event-data-exploration-is-a-process-rather-than-a-singular-step
Martin Fowler,Event Sourcing,,No Category,,http://martinfowler.com/eaaDev/EventSourcing.html,Article,"Dec 12 , 2005",Martin Fowler,https://martinfowler.com,Event-Sourcing
"DJ Patil, Josh Elman",Dr. DJ Patil & Josh Elman Share their Data Science Secrets,,No Category,,https://www.youtube.com/watch?v=L2snRPbhsF0,Video,"June 22 , 2012",Youtube,https://www.youtube.com,Dr-DJ-Patil-&-Josh-Elman-Share-their-Data-Science-Secrets
Indeed,Logrepo: Enabling Data-Driven Decisions,,No Category,,https://www.youtube.com/watch?v=y0WC1cxLsfo,Video,"Feb 25 , 2014",Youtube,https://www.youtube.com,Logrepo-Enabling-Data-Driven-Decisions
Indeed,Logrepo: Enabling Data-Driven Decisions - slides,,No Category,,http://fr.slideshare.net/indeedeng/indeed-eng-logrepo,Presentation,"Feb 10 , 2014",Slideshare ( French ),http://fr.slideshare.net,indeed-eng-logrepo
Jack Humphrey - Jeff Plaisance,Logrepo: Enabling Data-Driven Decisions,,No Category,,http://engineering.indeedblog.com/blog/2012/11/logrepo-enabling-data-driven-decisions/,Article,"Nov 28 , 2012",Indeed Engineering,http://engineering.indeedblog.com,ogrepo-enabling-data-driven-decisions
Marco Gallotta,"How to Build Stable, Accessible Data Infrastructure at a Startup",,No Category,,https://eng.asana.com/2014/11/stable-accessible-data-infrastructure-startup/,Article,"Nov 5 , 2014",Asana Blog,https://blog.asana.com,stable-accessible-data-infrastructure-startup
Justin Krause,Great Data: it’s all in the delivery,,No Category,,https://eng.asana.com/2014/11/great-data-delivery/,Article,"Nov 12 , 2014",Asana Blog,https://blog.asana.com,great-data-delivery
Nirmal Utwani,Optimizing Redshift Performance w/ dynamic schemas,,No Category,,https://amplitude.com/blog/2015/06/05/optimizing-redshift-performance-with-dynamic-schemas/,Article,"June 5 , 2015",Amplitude,https://amplitude.com,optimizing-redshift-performance-with-dynamic-schemas
Yali Sassoon,How much does Snowplow cost to run?,,No Category,,http://snowplowanalytics.com/blog/2013/09/27/how-much-does-snowplow-cost-to-run/,Article,"Sep 27 , 2013",SnowPlow,http://snowplowanalytics.com,how-much-does-snowplow-cost-to-run
HBR,Competing On Analytics,,No Category,,http://www.insightdata.com.au/mirror/hbr/CompetingOnAnalyticsHBR2006.pdf,,,,,
Thomas H. Davenport - Jeremy Shapiro / HBR,Competing on talent analytics,,No Category,,http://www.researchgate.net/profile/Thomas_Davenport2/publication/47369355_Competing_on_talent_analytics/links/53db93a40cf2a76fb667a588.pdf,Article,"Oct 1 , 2010",Research Gate,https://www.researchgate.net,Competing_on_talent_analytics
Brent Dykes,Reporting vs. Analysis: What’s the Difference?,,No Category,,http://blogs.adobe.com/digitalmarketing/analytics/reporting-vs-analysis-whats-the-difference/,Article,"Oct 19 , 2010",Adobe Digital Marketing Blog,https://blogs.adobe.com,reporting-vs-analysis-whats-the-difference
Kahuna/Amplitude,Insights to action,,No Category,,https://www.youtube.com/watch?v=FZzIY3KhMeM,Video,,Youtube,https://www.youtube.com,Insights-to-action
Amplitude,3 Levels of Analytics,,No Category,,http://event.lvl3.on24.com/event/10/63/41/8/rt/1/documents/resourceList1445530202726/3_levels_analytics_amplitude.pdf,"Article "" Picture """,,Amplitude,https://amplitude.com,3_levels_analytics_amplitude
Chris Hexton,Graphing Net Churn using Redshift & SQL,,No Category,,https://www.getvero.com/resources/graphing-net-churn-using-redshift-sql/,Article,"Feb 15 , 2016",Vero,https://www.getvero.com,graphing-net-churn-using-redshift-sql
Jonathan Hsu,Diligence at Social Capital Part 5: Depth of Engagement and Quality of Revenue,,No Category,,https://medium.com/swlh/diligence-at-social-capital-part-5-depth-of-usage-and-quality-of-revenue-b4dd96b47ca6#.wheum3iel,Article,"Nov 9 , 2015",Medium,https://medium.com,diligence-at-social-capital-part-5-depth-of-usage-and-quality-of-revenue
Amplitude,You’re Measuring Daily Active Users Wrong,,No Category,,https://medium.com/the-magic-metric/you-re-measuring-daily-active-users-wrong-d73877974505#.5rz1kg2zc,Article,"Jan 14 , 2016",Medium,https://medium.com,you-re-measuring-daily-active-users-wrong
Eric / Mobile Dev Memo ,Visualizing the user lifetime funnel on mobile,,No Category,,http://mobiledevmemo.com/user-lifetime-funnel-on-mobile/,Article,"Feb 8 , 2016",Mobile Dev Memo,http://mobiledevmemo.com,user-lifetime-funnel-on-mobile
Alicia Shiu,Why You Need Cohort To Improve Your Retention,,No Category,,https://amplitude.com/blog/2015/11/24/cohorts-to-improve-your-retention/,Article,"Nov 24 , 2015",Amplitude,https://amplitude.com,cohorts-to-improve-your-retention
John Egan,Experiment Segmentation: Avoiding Old Dogs and Watered Down Results,,No Category,,http://jwegan.com/growth-hacking/experiment-segmentation-avoiding-old-dogs-watered-results/,Article,"Dec 1 , 2015",John Egan Blog,http://jwegan.com,experiment-segmentation-avoiding-old-dogs-watered-results
Jeffrey Wang,Why Sampling Your Mobile Analytics Data is Bad for Growth,,No Category,,https://amplitude.com/blog/2015/10/08/sampling-mobile-analytics-data/,Article,"Oct 8 , 2015",Amplitude,https://amplitude.com,sampling-mobile-analytics-data
Nancy Hua,Setting Up Conversion Funnels for A/B Testing Growth,,No Category,,https://amplitude.com/blog/2015/08/12/setting-up-conversion-funnels-for-ab-testing-growth/,Article,"Aug 12 , 2015",Amplitude,https://amplitude.com,setting-up-conversion-funnels-for-ab-testing-growth
Andrew Chen,Facebook viral marketing: When and why do apps “jump the shark?”,,No Category,,http://andrewchen.co/facebook-viral-marketing-when-and-why-do-apps-jump-the-shark/,Article,,Andrew Chen Blog,http://andrewchen.co,facebook-viral-marketing-when-and-why-do-apps-jump-the-shark
500 Startups,Retention and Cohort Analysis MHW,,No Category,,https://drive.google.com/file/d/0B8AOwcvjck76WmV6ZHlVOXVZcXM/view,Article,"Aug 2 , 2016",Google Drive,https://drive.google.com,Retention-and-Cohort-Analysis-MHW
Wyatt Jenkins,10 A/B Testing Lessons I Learned The Hard Way,,No Category,,http://wyattjenkinsproduct.tumblr.com/post/65031949327/10-ab-testing-lessons-i-learned-the-hard-way,Article,"Jan 13 , 2013",WYATT JENKINS PRODUCT JAZZ,http://wyattjenkinsproduct.tumblr.com,10-ab-testing-lessons-i-learned-the-hard-way
Ya Xu,XLNT Platform: Driving A/B Testing at LinkedIn,,No Category,,https://engineering.linkedin.com/ab-testing/xlnt-platform-driving-ab-testing-linkedin,Article,"Aug 22 , 2014",LinkedIn Engineering,https://engineering.linkedin.com,xlnt-platform-driving-ab-testing-linkedin
Eytan Bakshy,PlanOut: A language for online experiments,,No Category,,https://facebook.github.io/planout/blog/planout-language.html,Article,"Dec 12 , 2014",PlanOut,https://facebook.github.io,planout-language
Eytan Bakshy - Dean Eckles - Michael S. Bernstein,Designing and Deploying Online Field Experiments,,No Category,,http://arxiv.org/pdf/1409.3174v1.pdf,Article,"Sep 10 , 2014",arVix,https://arxiv.org,Designing-and-Deploying-Online-Field-Experiments
Andrew Anderson,The Discipline Based Testing Methodology,,No Category,,http://conversionxl.com/the-discipline-based-testing-methodology,Article,"May 1 , 2015",ConversonXL,https://conversionxl.com,the-discipline-based-testing-methodology
Peep Leja,MASTER THE ESSENTIALS OF CONVERSION OPTIMZATION,,No Category,,http://conversionxlcom-markitektou1.netdna-ssl.com/wp-content/uploads/2014/12/Essentials-of-Conversion-Optimization-by-ConversionXL.pdf?iv=38,"Book "" Article """,,ConversonXL,http://conversionxlcom-markitektou1.netdna-ssl.com,Essentials-of-Conversion-Optimization-by-ConversionXL
Alex Birkett,One-Tailed vs Two-Tailed Tests (Does It Matter?),,No Category,,http://conversionxl.com/one-tailed-vs-two-tailed-tests/,Article,"July 1 , 2015",ConversonXL,https://conversionxl.com,one-tailed-vs-two-tailed-tests
Peep Leja,Statistical Significance Does Not Equal Validity (or Why You Get Imaginary Lifts),,No Category,,http://conversionxl.com/statistical-significance-does-not-equal-validity/,Article,"Sep 1 , 2014",ConversonXL,https://conversionxl.com,statistical-significance-does-not-equal-validity
Optimizely,Optimizely Platform Certification,,No Category,,http://success.optimizely.com/certification/StudyGuideforPlatformCertification.pdf,Article,"June 1 , 2015",Optimizely,http://success.optimizely.com,Study-Guide-for-Platform-Certification
Science Buddies,Hypothesis,,No Category,,http://www.sciencebuddies.org/science-fair-projects/project_hypothesis.shtml#keyinfo,Article,,Science Buddies,http://www.sciencebuddies.org,project_hypothesis
Science Buddies,A Strong Hypothesis,,No Category,,http://www.sciencebuddies.org/blog/2010/02/a-strong-hypothesis.php,Article,"Feb 23 , 2010",Science Buddies,http://www.sciencebuddies.org,a-strong-hypothesis
Optimizely,Optimization Roadmap,,No Category,,http://pages.optimizely.com/rs/optimizely/images/Roadmap%20to%20Optimization.pdf,Article,,Optimizely,http://pages.optimizely.com,Optimization-Roadmap
Optimizely,The Testing Cycle,,No Category,,https://learn.optimizely.com/hc/en-us/articles/201943773-Strategy-Lesson-The-Testing-Cycle,Article,,Optiverse,https://learn.optimizely.com,The-Testing-Cycle
Optimizely,Create an effective hypothesis,,No Category,,https://learn.optimizely.com/hc/en-us/articles/201923527-Strategy-Activity-Create-an-Effective-Hypothesis,Article,,Optiverse,https://learn.optimizely.com,Create-an-effective-hypothesis
Martijn Scheijbeler,How The Next Web Scaled Their A/B Testing Output 100x,,No Category,,https://blog.optimizely.com/2015/07/16/how-the-next-web-scaled-ab-testing-output-100x/,Article,"July 16 , 2015",Optimizely Blog,https://blog.optimizely.com,how-the-next-web-scaled-ab-testing-output-100x
AdRoll,Testing for Success: Top tips for unlocking revenue,,No Category,,https://www.youtube.com/watch?v=Bva64Sf3Bvw,Video,"Feb 19 , 2015",Youtube,https://www.youtube.com,Testing-for-Success-Top-tips-for-unlocking-revenue
Optimizely,Stats Engine Deep Dive,,No Category,,https://www.youtube.com/watch?v=2L4WTH_jHV4,Video,"Mar 3 , 2015",Youtube,https://www.youtube.com,Stats-Engine-Deep-Dive
Lev Tatarov,How long to run a test,,No Category,,https://help.optimizely.com/hc/en-us/articles/200133789-How-long-to-run-a-test,Article / Video,"Jul 26 , 2016",Optiverse,https://help.optimizely.com,How_long_to_run_a_test
Luke Thomas,What A/B testing solution should I use for my Rails App?,,No Category,,http://lukethomas.com/ab-testing-solution-should-i-use-rails-app/,Article,"Oct 6 , 2013",Luke Thomas Blog,http://lukethomas.com,ab-testing-solution-should-i-use-rails-app
Gainbits,Tracking A/B tests in Mixpanel using url parameters,,No Category,,http://gainbits.com/tracking-ab-tests-mixpanel-using-url-parameters-rails-application/,Article,,Gainbits,http://gainbits.com,tracking-ab-tests-mixpanel-using-url-parameters-rails-application
Gainbits,A/B Testing: a comprehensive guide to getting started,,No Category,,http://gainbits.com/ab-testing/,Article / Video,,Gainbits,http://gainbits.com,ab-testing
Conversion Rate Experts,"Unsure whether to use Optimizely, VWO, Convert, Unbounce, Maxymiser, Google Optimize, SiteSpect, or an alternative platform for your split-testing?",,No Category,,http://www.conversion-rate-experts.com/split-testing-software/,Article,,Conversion Rate Experts,http://www.conversion-rate-experts.com,split-testing-software
Clarity,Why A/B Testing is a Complete Waste of Your Time,,No Category,,http://blog.clarity.fm/dont-test-optimize/,Article,"Aug 1 , 2013",Clarity Blog,http://blog.clarity.fm,dont-test-optimize
Jason Cohen,Out of the cesspool and into the sewer: A/B testing trap,,No Category,,http://blog.asmartbear.com/local-minimum.html,Article,"June 21 , 2010",A smart bear,https://blog.asmartbear.com,local-minimum
Rand Fishkin / Conversion Rate Experts,How we made $1 million for Moz (formerly SEOmoz)—using landing page optimization and email marketing,,No Category,,http://www.conversion-rate-experts.com/seomoz-case-study/,Article / Video,,Conversion Rate Experts,http://www.conversion-rate-experts.com,How-we-made-$-1-million-for-Moz-formerly-SEOmoz-using-landing-page-optimization-and-email-marketing
Boz / Facebook,Building and testing at Facebook,,No Category,,https://code.facebook.com/posts/187489991429453/building-and-testing-at-facebook/,Article,"Aug 8 , 2012",Facebook Code,https://code.facebook.com,building-and-testing-at-facebook
Mike Greenfield,"Measuring for Impact: Knowing When, What & How to A/B Test",,No Category,,https://www.youtube.com/watch?v=pXFROe6XCpU,Video,"Aug 12 , 2014",Youtube,https://www.youtube.com,Measuring-for-Impact-Knowing-When-What-&-How-to-A-/-B-Test
Will Moss,Experiment Reporting Framework,,No Category,,http://nerds.airbnb.com/experiment-reporting-framework/,Article,"May 29 , 2014",Airbnb,http://nerds.airbnb.com,experiment-reporting-framework
John Egan & Andrea Burbank,Why you should be A/B testing your infrastructure,,No Category,,https://engineering.pinterest.com/blog/why-you-should-be-ab-testing-your-infrastructure,Article,"Feb 15 , 2017",Medium,https://medium.com,why-you-should-be-a-b-testing-your-infrastructure
Jason Bosinoff,Hacking Word-of-Mouth: Making Referrals Work for Airbnb,,No Category,,http://nerds.airbnb.com/making-referrals-work-for-airbnb/,Article,"Mar 27 , 2014",Airbnb,http://nerds.airbnb.com,making-referrals-work-for-airbnb
Ryan Fujiu,One Thing You Should Do Before Your Next A/B Test,,No Category,,https://medium.com/growth-strategies/one-thing-you-should-do-before-your-next-a-b-test-f5a7b176b3c8,Article,"Sep 11 , 2013",Medium,https://medium.com,one-thing-you-should-do-before-your-next-a-b-test
Martijn Scheijbeler,Opticon - Scaling The Next Web’s Testing Program to Maximum Impact,,No Category,,http://fr.slideshare.net/MartijnScheijbeler/opticon-scaling-the-next-webs-testing-program-to-maximum-impact,Presentation,"June 11 , 2015",Slideshare ( French ),http://fr.slideshare.net,opticon-scaling-the-next-webs-testing-program-to-maximum-impact
Tommy MacWilliam,Mobile A/B Testing at Quora,,No Category,,http://engineering.quora.com/Mobile-A-B-Testing-at-Quora,Article,"May 4 , 2015",Quora,https://engineering.quora.com,Mobile-A-B-Testing-at-Quora
AdRoll,AdRoll AB Testing Dashboard,,No Category,,http://glossy.adroll.com/shiny_blogpost/,,,,,
Rob Mackenzie,Easy A/B testing at Nextdoor,,No Category,,https://engblog.nextdoor.com/2015/07/09/ab-testing/,Article,"July 9 , 2015",Nextdoor Engineering,https://engblog.nextdoor.com,easy-a-b-testing-at-nextdoor
Dave King,Roll Your Own A/B Tests With Optimizely and React,,No Category,,http://engineering.tilt.com/roll-your-own-ab-tests-with-optimizely-and-react/,Article,"Mar 12 , 2015",Tilt,http://engineering.tilt.com,roll-your-own-ab-tests-with-optimizely-and-react
Stubhub,Starter Guide For Bootstrapping Your Own Server-Side A/B Tests,,No Category,,http://engineering.stubhub.com/blog/2015/01/17/starter-guide-for-bootstrapping-your-own-server-side-ab-tests/,,,,,
Akhilesh Gupta,Mobile A/B testing at LinkedIn: how members shape our apps,,No Category,,https://engineering.linkedin.com/mobile/mobile-ab-testing-linkedin-how-members-shape-our-apps,Article,"Jan 27 , 2014",LinkedIn Enginering,https://engineering.linkedin.com,mobile-ab-testing-linkedin-how-members-shape-our-apps
Daniel Waisberg,Split Testing Framework,,No Category,,http://online-behavior.com/testing/split-testing-framework-549,Article,June 2010,Online Behavior,http://online-behavior.com,split-testing-framework
Hiten Shah,Always Be Testing - Learn from Every A/B Test,,No Category,,http://fr.slideshare.net/futureinsights/hiten-filivetalk,Presentation,"June 3 , 2015",Slideshare ( French ),http://fr.slideshare.net,hiten-filivetalk
KickStarter,A/B Testing reporting in Looker,,No Category,,https://www.kickstarter.com/backing-and-hacking/a-b-test-reporting-in-looker,Article,"Jul 2 , 2015",Kickstarter Engineering,https://kickstarter.engineering,a-b-test-reporting-in-looker
Vincent Barr,HOW TO BUILD AN A/B TESTING PRACTICE IN 2 HOURS,,No Category,,https://blog.paymill.com/ab-testing-2-hours/,Article,"Nov 4 , 2013",Paymill,https://blog.paymill.com,ab-testing-2-hours
Cobi Druxerman,Why Not A/B Testing is For Idiots,,No Category,,https://blog.taplytics.com/ab-testing-idiots/,Article,"Oct 3 , 2014",Taplytics,https://blog.taplytics.com,ab-testing-idiots
Quinn Hawkins,A/B Testing Framework: Build or Buy?,,No Category,,https://www.redfin.com/devblog/2014/02/a-b-testing-build-or-buy.html,Article,"Feb 6 , 2014",REDFIN,https://www.redfin.com,a-b-testing-build-or-buy
Robert Gay,Runtime Feature Checks at Redfin,,No Category,,https://www.redfin.com/devblog/2013/05/runtime-feature-checks-at-redfin.html#.UuBkHhDTmUk,Article,"May 21 , 2013",REDFIN,https://www.redfin.com,runtime-feature-checks-at-redfin
Corey Losenegger,"A/B Testing: The Good, the Bad and the Ugly with Corey Losenegger at Madison+ UX",,No Category,,https://www.youtube.com/watch?t=693&v=0dVIjWTI_A0,Video,"Aug 12 , 2014",Youtube,https://www.youtube.com,A-B-Testing-The-Good-the-Bad-and-the-Ugly-with-Corey-Losenegger-at-Madison-UX
 Wil Stuckey,Managing Experimentation in a Continuously Deployed Environment,,No Category,,http://www.infoq.com/presentations/etsy-deploy,Presentation,"July 25 , 2013",Info Q,https://www.infoq.com,etsy-deploy
 Wil Stuckey,Managing Experimentation,,No Category,,http://fr.slideshare.net/wilstuckey/managing-experimentation,Presentation,"June 27 , 2013",Slideshare ( French ),http://fr.slideshare.net,managing-experimentation
Dan McKinley,"Data-Driven Done Right, LSC14",,No Category,,https://www.youtube.com/watch?list=PL1M9pu1POlelJcmYWGv_Oq5FPr0J1XKa5&v=SZOeV-S-2co,Video,"Dec 19 , 2014",Youtube,https://www.youtube.com,"Data-Driven-Done-Right,-LSC14"
Wyatt Jenkins,"Seriously Advanced A/B Testing, The Lean Startup Conference 2013",,No Category,,https://youtu.be/lM3-emE7gqI?t=41m29s,Video,"Dec 14 , 2013",Youtube,https://www.youtube.com,Seriously-Advanced-A-B-Testing-The-Lean-Startup-Conference-2013
Wyatt Jenkins,Seriously Advanced A/b Tetsing - slides,,No Category,,http://code.shutterstock.com/presentations/seriously-advanced-ab-testing/,Presentation,,Shutter Stock,http://code.shutterstock.com,seriously-advanced-ab-testing
Diane Tang,AB testing @Google,,No Category,,https://s3.amazonaws.com/snaprojects/blog/recsysab/1_Diane_RecSys+AB+Workshop+Oct+2014+--+Shared+with+External+Organizers.pdf,Article,,Amazon S3,https://s3.amazonaws.com,AB-testing-@-Google
Ishan Agrawal,How experiments drive product growth at Viki,,No Category,,http://fr.slideshare.net/ishanagrawal90/how-experiments-drive-product-growth-at-viki,Presentation,"Nov 4 , 2014",Slideshare ( French ),http://fr.slideshare.net,how-experiments-drive-product-growth-at-viki
John Egan,Growth Engineering Tools & Framework,,No Category,,http://jwegan.com/growth-hacking/growth-engineering-tools-frameworks/,Article,"Apr 23 , 2015",John Egan,http://jwegan.com,growth-engineering-tools-frameworks
Dan McKinley,Effective Web Experimentation as a Homo Narrans,,No Category,,http://mcfunley.com/effective-web-experimentation-as-a-homo-narrans,Article,"Jan 2 , 2013",Dan McKinley,http://mcfunley.com,effective-web-experimentation-as-a-homo-narrans
Dan McKinley,The Case Against Bandit Testing,,No Category,,http://mcfunley.com/the-case-against-bandit-testing,Article,"Jan 24 , 2013",Dan McKinley,http://mcfunley.com,the-case-against-bandit-testing
Noel,Stop A/B Testing and Make Out Like a Bandit,,No Category,,http://untyped.com/untyping/2011/02/11/stop-ab-testing-and-make-out-like-a-bandit/,Article,"Feb 11 , 2011",Untyped Weblog,http://untyped.com,stop-ab-testing-and-make-out-like-a-bandit
Dan McKinley,How Long Should You Run Experiments?,,No Category,,http://mcfunley.com/how-long-should-you-run-experiments,Article,"May 13 , 2013",Dan McKinley,http://mcfunley.com,how-long-should-you-run-experiments
Dan McKinley,The Case for Secrecy in Web Experiments,,No Category,,http://mcfunley.com/the-case-for-secrecy-in-web-experiments,Article,"Jan 16 , 2014",Dan McKinley,http://mcfunley.com,the-case-for-secrecy-in-web-experiments
Dan McKinley,Testing to Cull the Living Flower,,No Category,,http://mcfunley.com/testing-to-cull-the-living-flower,Article,"Jan 16 , 2013 ",Dan McKinley,http://mcfunley.com,testing-to-cull-the-living-flower
John Egan,How holdout groups drive sustainable growth,,No Category,,https://engineering.pinterest.com/blog/how-holdout-groups-drive-sustainable-growth,Article,"Feb 15 , 2017",Medium,https://medium.com,how-holdout-groups-drive-sustainable-growth
IndeedEng,Data-Driven Product Design,,No Category,,https://www.youtube.com/watch?v=Y6NI8y21xhg,Video,"May 6 , 2013",Youtube,https://www.youtube.com,Data-Driven-Product-Design
Dave King,Roll Your Own A/B Tests With Optimizely and React,,No Category,,http://engineering.tilt.com/roll-your-own-ab-tests-with-optimizely-and-react/,Article,"Mar 12 , 2015",Tilt,http://engineering.tilt.com,roll-your-own-ab-tests-with-optimizely-and-react
Guy Aridor,Product Experimentation with React and PlanOut,,No Category,,http://product.hubspot.com/blog/product-experimentation-with-planout-and-react.js,Article,"Oct 22 , 2015",HubSpot,http://product.hubspot.com,product-experimentation-with-planout-and-react
AirBnB,Experiments at AirBnB,,No Category,,https://www.youtube.com/watch?v=lVTIcf6IhY4&list=PLECD54527EBCE4021&index=27,Video,"Apr 3 , 2014",Youtube,https://www.youtube.com,Experiments-at-AirBnB
Noah Kagan,How I Grew Mint.com from Zero to 1 Million Users,,No Category,,http://okdork.com/quant-based-marketing-for-pre-launch-start-ups/,Article,"Feb 6 , 2017",Okdork,http://okdork.com,quant-based-marketing-for-pre-launch-start-ups
Noah Kagan,Create Your First Marketing Plan,,No Category,,http://okdork.com/how-to-create-a-marketing-plan/,Article,"Feb 5 , 2014",Okdork,http://okdork.com,how-to-create-a-marketing-plan
Andrew Chen,How To (Actually) Calculate CAC,,No Category,,http://andrewchen.co/how-to-actually-calculate-cac/,Article,,Andrewchen,http://andrewchen.co,how-to-actually-calculate-cac
Brian Balfour,Your Average CAC is Lying to You -- What to do Instead,,No Category,,http://www.coelevate.com/essays/average-cac-mistakes-growth,Article,"Jan 4 , 2017",Coelevate,http://www.coelevate.com,average-cac-mistakes-growth
Matt Hodges,Intercom’s Matt Hodges on product marketing,,No Category,,https://blog.intercom.com/intercoms-matt-hodges-product-marketing/,Podcast,,Blog.intercom,https://blog.intercom.com/,intercoms-matt-hodges-on-product-marketing
Susan Su,How an $800M Company Grows through influencers and Content,,No Category,,https://www.reforge.com/blog/ipsy-content-influencer-growth,Article,"Nov 21 , 2016",reforge,https://www.reforge.com/,how-an-$800M-company-grows-through-influencers-and-content
Hiten Shah,"The Content Marketing Paybook Built from 12 years and  83,232,461 visits",,No Category,,https://hitenism.com/content-marketing-ebook/,Ebook,,hitenism,https://hitenism.com/,the-content-marketing-play-book-built-from-12-years-and-83232461-visits
Andrew Raskin,The Greatest Sales Deck I've Ever Seen,,No Category,,https://medium.com/the-mission/the-greatest-sales-deck-ive-ever-seen-4f4ef3391ba0#.wkh5d0o51,Article,"Sep 21 , 2015",Medium,https://medium.com/,the-greatest-sales-deck-ive-ever-seen
Greylock Partners,The Hierarchy of Engagement,,No Category,,https://fr.slideshare.net/greylockpartners/the-hierarchy-of-engagement,Presentation,"Mar 23 , 2016",slideshare ( French ),https://fr.slideshare.net/,the-hierarchy-of-engagement
Elliot Shmukler,"How A/B Testing at LinkedIn, Wealthfront and eBay Made Me a Better Manager",,No Category,,http://firstround.com/review/how-a-b-testing-at-linkedin-wealthfront-and-ebay-made-me-a-better-manager/,Article,,firstround,http://firstround.com/,how-ab-testing-at-linkedin-wealthfront-and-ebay-made-me-a-better-manager
Brian Balfour,7 Principles To Mastering Growth Marketing,,No Category,,http://www.coelevate.com/essays/learn-growth-marketing,Article,"Oct 12 , 2016",Coelevate,http://www.coelevate.com/,7-pinciples-to-mastering-growth-marketing
Archana Madhavan,You're Measuring Daily Active Users Wrong,,No Category,,https://amplitude.com/blog/2016/01/14/measuring-active-users/,Article,"Jan 14 , 2016",amplitude,https://amplitude.com/,youre-measuring-daily-active-users-wrong
Matthew Barby,How to Rank Number One in Google: A Study of 1 Million Pages,,No Category,,https://www.matthewbarby.com/ranking-in-google/,Article,"Mar 31 , 2017",MatthewBarby,https://www.matthewbarby.com/,how-to-rank-number-one-in-google-a-study-of-1-million-pages
Erik Devaney,The Story Behind MailChimp's Wild Growth,,No Category,,https://blog.drift.com/how-mailchimp-grew/,Article,"Jan 3 , 2017",drift,https://www.drift.com/,the-story-behind-mailchimps-wild-growth
AJ Agrawal,Why Influencer Marketing Will Explode In 2017,,No Category,,https://www.forbes.com/sites/ajagrawal/2016/12/27/why-influencer-marketing-will-explode-in-2017/#7d605d6e20a9,Article,"Dec 27 , 2016",forbes,https://www.forbes.com/#c8216f72254c,why-influencer-marketing-will-explode-in-2017
Ian Lurie,Why Facebook Is Important For Mobile Marketin,,No Category,,https://twitter.com/portentint/status/816063556223401984,tweet,"Jan 2 , 2017",twitter,https://twitter.com/,why-facebook-is-important-for-email-marketing
Alex Davis,Product Management 2.0: A Growth Story,,No Category,,https://medium.com/startup-grind/product-management-2-0-a-growth-story-49bc486b62d9,Article,"Oct 28 , 2016",Medium,https://medium.com/,product-management-20-a-growth-story
Michael Seibel,The Scientific Method for Startups,,No Category,,https://blog.ycombinator.com/the-scientific-method-for-startups/,Article,"Dec 25 , 2016",ycombinator,https://blog.ycombinator.com/,the-scientific-method-for-startups
,How To Calculate Cohort Retention in SQL,,No Category,,https://www.periscopedata.com/blog/how-to-calculate-cohort-retention-in-sql.html,Article,"Jun 4 , 2014 ",periscopedata,https://www.periscopedata.com/blog/,how-to-calculate-cohort-retention-in-sql
,The Secret to $5 Customer Acquisition Costs on Facebook,,No Category,,https://www.crazyegg.com/blog/five-dollar-customer-acquisition-facebook/,Article,,crazyegg,https://www.crazyegg.com/blog/,the-secret-to-$5-customer-acquisition-costs-on-facebook
Benji Hyam,"""Mirage Content"" Is the Reason Your company Blog Isn't Generating Leads",,No Category,,https://growandconvert.com/content-marketing/mirage-content/,Article,,growandconvert,https://growandconvert.com/,mirage-content-is-the-reason-your-company-blog-isnt-generating-leads
,This 8-Pagee Website Generated Six-Figures in its First 8 Months,,No Category,,https://gaps.com/google-affiliate/,Article,,gaps,https://gaps.com/,this-8-page-website-generated-six-figures-in-its-first-8-months
Ada Chen Rekhi,Anatomy of a Marketing Organization,,No Category,,https://adachen.com/marketing-organization-structure-f639f4a7025d,,"Jan 2 , 2017",adachen,https://adachen.com/,anatomy-of-a-marketing-oranization
Brian Balfour,How to Embrace Constant Change in Growth,,No Category,,http://www.coelevate.com/essays/embrace-constant-change,Article,"Jan 12 , 2017",Coelevate,http://www.coelevate.com/,how-to-embrace-constant-change-in-growth
Francis Brero,What we can learn from Ants to impove SaaS conversion,,No Category,,http://www.madkudu.com/blog/ant-colonies-improve-saas-conversions/,Article,"Apr 01 , 2017",madkudu,http://www.madkudu.com/blog/,what-we-can-learn-from-ants-to-improve-saas-conversion-rate
Hila Qu,A Growth Practitioner's first 90-day Plan,,No Category,,https://medium.com/@HilaQu/a-growth-practitioners-first-90-day-plan-part-1-8bc1487e697a,Article,"Jan 8 , 2017",Medium,https://medium.com/,a-growth-practitioners-first-90-day-plan
Karola Karlson,101-Point Guide to Master Facebook Custom Audiences,,No Category,,https://klientboost.com/ppc/facebook-custom-audience/,Article,"Jan 18 , 2017",Klientboost,https://klientboost.com/,101-points-guide-to-master-facebook-custom-services
Ryan Singer,"Position, Position, Position!",,No Category,,https://m.signalvnoise.com/position-position-position-34b510a28ddc#.i545yilaj,Article,"Jan 12 , 2017",Signal v. Noise,https://m.signalvnoise.com/,Position-position-position
Simon Khalaf,Mobile Apps Start Eating Their Own,,No Category,,http://flurrymobile.tumblr.com/post/155761509355/on-their-tenth-anniversary-mobile-apps-start,Article,"Jan 12 , 2017",Tumblr,http://flurrymobile.tumblr.com/,mobile-apps-start-eating-their-own
Eric Stromberg,Scaling Marketing is Like Learning to Drive,,No Category,,https://medium.com/startup-grind/scaling-marketing-is-like-learning-to-drive-d1cff9971687,Article,"Jan 11 , 2017",medium,https://medium.com/,scaling-marketing-is-like-learning-to-drive
Brian Park,Hacking Growth Without the Hacks,,No Category,,https://medium.com/wetransfer/hacking-growth-without-the-hacks-7fc980d4a7b1,Article,"Jan 12 , 2017",medium,https://medium.com/,hacking-growth-without-the-hacks
Grigoriy Kogan,Why Ad Campaigns Fail ,,No Category,,http://www.gkogan.co/blog/how-ad-campaigns-fail/,Article,"Jan 17 , 2017",Gkogan,http://www.gkogan.co/,why-ad-campaigns-fail
Gustaf Alströmer,Product Growth Video Series from AirBnB,,No Category,,https://www.startups.co/education/lessons/product-growth/1,Video,,Startups,https://www.startups.co/,product-growth-video-series-from-airbnb
Andrew Chen,What's next in growth,,No Category,,http://andrewchen.co/whats-next-in-growth-and-marketing-for-tech/,Article,,andrewchen,http://andrewchen.co/,whats-next-in-growth
HitenShah,How to Focus When You're Overwhelmed By Marketing Options,,No Category,,https://hitenism.com/focus-youre-overwhelmed-marketing-options/,Article,"Jan 25 , 2017",hitenism,https://hitenism.com/,how-to-focus-when-youre-overwhelmed-by-marketing-options
Benji Hyam,"Content Promotion: How We Grew frm 0 to 32,977 Users in 5 Months With Zero Paid Traffic",,No Category,,https://growandconvert.com/content-marketing/community-content-promotion/,Article,,growandconvert,https://growandconvert.com/,content-promotion-how-we-grew-from-0-to-32977-users-in-5-months-with-zero-paid-traffic
Ruairi Galavan,12 steps to create a great messaging strategy,,No Category,,https://blog.intercom.com/before-you-send-your-first-message/,Article,,blog.intercom,https://blog.intercom.com/,12-steps-to-create-a-great-messaging-strategy
Casey Winters,Three Mistakes Integrating Growth and Design Teams and How to Design Teams and How to Address Them,,No Category,,http://caseyaccidental.com/growth-design,Article,"Jan 23 , 2017",caseyaccidental,http://caseyaccidental.com/,the-three-mistakes-integrating-growth-and-design-teams-and-how-to-address-them
Pierre Lechelle,Why Companies are Failing to Implement Growth Processes,,No Category,,https://www.pierrelechelle.com/growth-process-failures,Article,,pierrelechelle,https://www.pierrelechelle.com/,why-companies-are-failing-to-implement-growth-processes
Gaetano DiNardi,Analysisi of 1 Million Backlins: Airbnb,,No Category,,https://www.singlegrain.com/blog-posts/link-building/analysis-of-1-million-backlinks-airbnb-part-2/,Article,,singlegrain,https://www.singlegrain.com/,analysis-of-1-milion-back-links-airbnb
Casey Winters,How Growth Teams are revolutionizing UX and product development,,No Category,,http://info.usertesting.com/01_2017_OnDemand_Webinar_CaseyWinters_Confirmation,Webinar,,usertesting,https://www.usertesting.com/resources/webinars,how-growth-teams-are-revolutionizing-UX-and-product-development
Anthony Kennada,An Apologetic Defense of Brand Markeing for B2B Growth,,No Category,,https://www.linkedin.com/pulse/unapologetic-defense-brand-marketing-b2b-growth-anthony-kennada,Article,"Jan 19 , 2017",LinkedIn ,https://www.linkedin.com/?trk=nav_logo,an-apologetic-defense-of-brand-marketing-for-B2B-growth
Eddie Zhang,Testing ways for people and businesses to engage on Messeger,,No Category,,https://messenger.fb.com/blog/testing-ads-in-messenger/,Article,"Jan 25 , 2017",messenger,https://messenger.fb.com/,testing-ways-for-people-and-businesses-to-engage-on-messenger
Ginny Marvin,Pinterest introduces Search ads with Keyword and Shopping campaigns,,No Category,,http://marketingland.com/pinterest-search-ads-keyword-shopping-campaigns-205219,Article,"Feb 1 , 2017",marketingland,http://marketingland.com/,pinterest-introduces-search-ads-with-keyword-and-shopping-campaigns
Andrew Chen,The Bad Product Fallacy,,No Category,,http://andrewchen.co/bad-product-fallacy/,,,andrewchen,http://andrewchen.co/,the-bad-product-fallacy
Jason Costa,Top 10 Takeaways from the GGV Users Growth Masterclass,,No Category,,https://medium.com/ggv-capital/top-10-takeaways-from-the-ggv-user-growth-masterclass-365f68a1d585,Article,"Jan 27, 2017",medium,https://medium.com/,top-10-takeaways-from-the-GGV-users-growth-masterclass
Hila Qu,Your first90 day Startup Growth Plan,,No Category,,https://medium.com/startup-grind/your-first-90-day-startup-growth-plan-654b0b7cebf7,Article,"Jan 26, 2017",medium,https://medium.com/,your-first-90-day-startup-growth-plan
Andy Carvell,What is The Mobile Growth Stack,,No Category,,https://mobilegrowthstack.com/what-is-the-mobile-growth-stack-426c6e474329,Article,"Feb 4 , 2017",medium,https://medium.com/,what-is-the-mobile-growth-stack
Brian Dean,VIDEO SEO: The Definitive Guide,,No Category,,http://backlinko.com/video-seo-guide,Article,,blacklinko,http://backlinko.com/,video-seo-the-definitive-guide
Scott Belsky,The Right Customers At he Right Time,,No Category,,https://medium.com/positiveslope/the-right-customers-at-the-right-time-934435fd3e45,Article,"Feb 9 , 2017",medium,https://medium.com/,the-right-customers-at-the-right-time
Nick Frost,Why You Need to Cross Half Your Prospects Off Your List,,No Category,,https://mattermark.com/why-you-need-to-cross-half-your-prospects-off-your-list/,Article,"Feb 7 , 2017",mattermark,https://mattermark.com/,why-you-need-to-cross-half-your-prospets-off-you-list
Ty Magnin,30 Growth Hacking Techniques Worth Experimenting,,No Category,,https://www.appcues.com/blog/growth-hacking-techniques,Article,,appcues,https://www.appcues.com/,30-growth-techniques-worth-experimenting
Johan Egan,3 Habits of a Highly Effective Growth Engenineering Team,,No Category,,http://jwegan.com/growth-hacking/3-habits-highly-effective-growth-engineering-team/,Article,"Feb 7 , 2017",jwegan,http://jwegan.com/,3-habits-of-a-highly-effective-growth-engineering
Brian Balfour,"Solving Mobile Growth & Retention with Andy Carvell, ex Growth at Soundcloud",,No Category,,http://www.coelevate.com/essays/mobile-growth-retention-soundcloud,Video,"Feb 7 , 2017",coelevate,http://www.coelevate.com/,solving-mobile-growth-and-retention-with-andy-carvell-ex-growth-at-soundcloud
Nir Eyal,Learn proven mehods for building a data-informed retention strategy,,No Category,,https://www.productanalyticsplaybook.com/,Article,,productanalyticsplaybook,https://www.productanalyticsplaybook.com/,learn-proven-methods-for-building-a-data-informed-retention-strategy
Bryan Harris,"How to create a $6 million weinar (email scripts, slides and templates)",,No Category,,https://videofruit.com/blog/webinar/,webinar,,videofruit,https://videofruit.com/,how-to-create-a-6-million-webinar
Jonathan Taylor,Facebook Ads Srategy For High-Growth Companies: Understanding Cost Per Action,,No Category,,https://www.klipfolio.com/blog/facebook-ads-cost-per-action,Article,"Feb 14 , 2017",klipfolio,https://www.klipfolio.com/,facebook-ads-strategy-for-high-growth-companies-understanding-cost-per-action
Brian Dean,Avanced Step-By-Step SEO Tutorial (2017),,No Category,,https://www.youtube.com/watch?v=B9x3IkU8eaw,Video,"Feb 16 , 2017",Youtube,https://www.youtube.com/,advanced-step-by-step-SEO-tutorial-2017
,Starting and Scaling Your Growth Team,,No Category,,https://news.greylock.com/starting-and-scaling-your-growth-team-e45b550f7820,article,"Feb 9 , 2017",medium,https://medium.com/,starting-and-scaling-your-growth-team
Kieran Flanagan,How to Create Product Driven Growth,,No Category,,https://www.slideshare.net/kflanagan/how-to-create-product-driven-growth/,slideshare,"Feb 10 , 2017",slideshare ( French ),https://www.slideshare.net/,how-to-create-product-given-growth
Meedith Overmyer,The Key to Growth = Process,,No Category,,http://digintent.com/the-key-to-growth-process/,Article,,digintent,http://digintent.com/,the-key-to-growth-process
Bram Krommenhoek,How to Design Marketing Campaigns: The Importance of Market Segmentation,,No Category,,https://medium.com/swlh/how-to-design-marketing-campaigns-the-importance-of-market-segmentation-71b11e1819c2,Article,"Feb 21 , 2017",medium,https://medium.com/,how-to-design-marketing-campaigns-the-importance-of-market-segmentation
Casey Winters,The Real Value of PR for Startups,,No Category,,http://caseyaccidental.com/the-real-value-of-pr-for-startups/,Article,"Feb 23 , 2017",caseyaccidental,http://caseyaccidental.com/,the-real-value-of-PR-for-startups
Jonathan Taylor,We Spent $100k on Facebook Ads. Here's What We Learned,,No Category,,https://inbound.org/blog/we-spent-100k-on-facebook-ads-heres-what-we-learned?utm_campaign=Raise+The+Bar&utm_source=hs_email&utm_medium=email&utm_content=43248901&_hsenc=p2ANqtz-9Uf8aPzfK6ZtCIO3P8lf9xiEITGnfDVDrW-fYFHmDmC-ywN_YnB_-AB8nAAhYHUYkoRneOxMZIn1wyjwT8rRTav4fJCsO8lC34_UD2fmk-l9u26uI&_hsmi=43248901,Article,"Mar , 2017",inbound,https://inbound.org/top,we-spent-$100k-on-facebook-ads-heres-what-we-learned
Matthew Barby,Life Beyong Email: Chatbot Marketing,,No Category,,https://www.matthewbarby.com/chatbot-marketing/,Article,"Mar 2 , 2017",MatthewBarby,https://www.matthewbarby.com/,life-beyond-email-chatbot-marketing
Zack Onisko,Hired.com - Building Foundation For Scale,,No Category,,https://fr.slideshare.net/startupsocials/zack-onisko-70653166,slideshare,"Jan 4 , 2017",slideshare ( French ),https://fr.slideshare.net/,hiredcom-building-foundations-for-scale
,"Lessons in Growing Your Mobile App from Zynga, Foursquare, Pinterest and Skurt",,No Category,,,,,,,lessons-in-growing-your-mobile-app-from-zynga-foursquare-pinterest-and-skurt
Casey Winters,Creating a Sustainable Organic Growth,,No Category,,https://simpleweb.co.uk/ex-growth-lead-at-pinterest-casey-winters-on-creating-sustainable-organic-growth/,article,"Feb 22 , 2017",simpleweb,https://simpleweb.co.uk/,creating-sustainable-organic-growth
Ben McRedmond,What really defines a growth team,,No Category,,https://blog.intercom.com/how-do-you-define-a-growth-team/,video,,blog.intercom,https://blog.intercom.com/,what-really-defines-a-growth-team
Brian Dean,We Analysed 1.3 Million YouTube Videos. Here's What We Learned About Youtube SEO,,No Category,,http://backlinko.com/youtube-ranking-factors,article,"Feb 28 , 2017",blacklinko,http://backlinko.com/,we-analysed-1-3-million-youtube-videos-heres-what-we-learned-about-youtube-seo
Chris Von Wilpert,Peek inside Hubspot's Multi-million dollar SaaS growth strategy,,No Category,,https://rocketshipgrowth.com/peek-inside-hubspots-multi-million-dollar-saas-growth-strategy-2ddf276731c6?gi=c4b9a7afd7a0#.9jk9h9f80,article,"Feb 17 , 2017",rocketshipgrowth,https://rocketshipgrowth.com/,peek-inside-hubspots-multi-million-dollar-SaaS-growth-strategy
Nick Churick,SEO Mythbusters: Top marketers share the most counterintuitive SEO truths,,No Category,,https://ahrefs.com/blog/seo-mythbusters/,article,"Feb 20 , 2017",The Ahrefs Blog,https://ahrefs.com/blog/,SEO-myth-busters-top-marketers-share-the-most-couterintuitive-SEO-truths
Ty Magnin,The 21 Growth Strategies Used by Top Growth Teams,,No Category,,https://www.appcues.com/blog/adrolls-growth-teams-secret-weapon-to-drive-conversions/,article,,Appcues,https://www.appcues.com/,the-21-growth-strategies-used-by-top-growth-teams
Sam Meder,Driving user growth with performance improvements,,No Category,,https://medium.com/@Pinterest_Engineering/driving-user-growth-with-performance-improvements-cfc50dafadd7#.howxi76zr,article,,medium,https://medium.com/,driving-users-growth-with-perforance-improvments
David Arnoux,Why 90% of your experiments shouldn't last longer than 2 weeks,,No Category,,http://blog.growthtribe.io/experiments-shouldnt-last-longer-2-weeks/,article,"Mar , 2017",Growthtribe,http://blog.growthtribe.io/,why-90-per-cent-of-your-experiments-shouldnt-last-longer-than-2-weeks
,80 Ways to retarget users on Facebook,,No Category,,http://www.aitarget.com/blog/80-ways-to-retarget-users-on-facebook,article,"Mar 6 , 2017",aitarget,http://www.aitarget.com/_blog,80-ways-to-retarget-users-on-facebook
Myk Pono,How To Track Customer Acquisitions,,No Category,,https://intrinsicpoint.com/how-to-track-customer-acquisition-9d04b903535?gi=c1e9ec9adae5#.ifh1e0o3f,article,"Jun 1 , 2016",medium,https://medium.com/,how-to-track-customer-acquisition
Matt Sornson,The Modern Guide to Lead Qualification,,No Category,,http://blog.clearbit.com/the-modern-guide-to-lead-qualification/,article,"Feb 28 , 2017",clearbit,https://clearbit.com/,the-modern-guide-to-lead-qualification
William Gill,How to build a Growth Model,,No Category,,https://mobilegrowthstack.com/how-to-build-a-growth-model-a7dd9d9a68a7,article,"Mar 10 ,2017",medium,https://medium.com/,how-to-build-a-growth-model
Kintan Brahmbhatt,Amazon's Friction-Killing Tactics To Make Products More Seamless,,No Category,,http://firstround.com/review/amazons-friction-killing-tactics-to-make-products-more-seamless/,article,,firstround,http://firstround.com/review/,amazons-friction-killing-tactics-to-make-products-more-seamless
Julia Chen,Lean Users Onboarding,,No Category,,https://www.appcues.com/blog/lean-user-onboarding,article,,Appcues,https://www.appcues.com/,lean-users-onboarding
Noah Kagan,Biggest Marketing Strategies for 2017,,No Category,,https://www.youtube.com/watch?v=7KTm6uIi4T0,video,"Feb 9 , 2017",youtube,https://www.youtube.com/,biggest-marketing-strategies-for-2017
Brian G. Peters,How I Approach Digital Marketing at Buffer as TOFU Marketer,,No Category,,https://medium.com/@Brian_G_Peters/how-i-approach-digital-marketing-at-buffer-as-a-tofu-marketer-3546ee5d9c66,article,"Mar 16 , 2017",medium,https://medium.com/,how-i-approach-digital-marketing-at-buffer-as-a-TOFU-marketer
Casey Winters,The Death Spiral of Startups CMO's,,No Category,,http://caseyaccidental.com/startup-cmo-death-spiral,article,"Mar 13 , 2017",caseyaccidental,http://caseyaccidental.com/,the-death-spiral-of-startups-CMOs
Rich Barton,The New Age of Marketing,,No Category,,https://medium.com/@Rich_Barton/the-new-age-of-marketing-c2306945180b,article,"Mar 15 , 2017 ",medium,https://medium.com/,the-new-age-of-marketing
Casey Winters,"Scaling Users, Products, and Growth Teams with Casey Winters",,No Category,,https://news.greylock.com/scaling-users-products-and-growth-teams-with-casey-winters-ee1c006c415d,article,"Mar 15 , 2017 ",Greylock Partners,https://news.greylock.com/@greylockvc,scalling-users-products-and-growth-teams-with-casey-winters
Morgan Brown,22 must-have tools for every groth marketer's toolkit,,No Category,,https://medium.com/@morganb/22-must-have-tools-for-every-growth-marketers-toolkit-b7af2692a721,article,"Mar 7 , 2017",medium,https://medium.com/,22-must-have-tools-for-every-growth-marketers-toolkit
Ryan Kulp,"How a SQL Query made us $2,838 in 15 minutes",,No Category,,https://blog.usefomo.com/how-a-sql-query-made-thousands-15-minutes/,article,"Mar 16 , 2017",usefomo,https://blog.usefomo.com/,how-a-SQL-query-made-us-$2838-in-15-minutes
Lindsay M Pettingill,4 Principles for Making Experimentation Count,,No Category,,https://medium.com/airbnb-engineering/4-principles-for-making-experimentation-count-7a5f1a5268a,article,"Mar 21 , 2017",medium,https://medium.com/,4-principles-for-making-experimentation-count
Tim Soulo,"What we learned about ""Long Tail"" by analyzing 1.4 Billion keywords",,No Category,,https://ahrefs.com/blog/long-tail-keywords-research/,article,"Mar 20 ,2017",ahrefs,https://ahrefs.com/blog/,what-we-learned-about-long-tail-by-analyzing-1-4-billion
,The Ultimate Guide to Email Sequences,,No Category,,,,,,,the-ultimate-guide-to-email-sequences
Jennifer Johnson,Go-to-market And Category  Design Fundamentals ,,No Category,,https://www.heavybit.com/library/video/go-to-market-and-category-design-fundamentals/,article,"Feb 21 , 2017",heavybit,https://www.heavybit.com/,go-to-market-and-category-design-fundamentals
Brian Balfour,Growth Benchmarks Are (Mostly) Useless,,No Category,,https://www.coelevate.com/essays/growth-benchmarks,article,"Mar 21 , 2017",coelevate,https://www.coelevate.com/,growth-benchmarks-are-mostly-useless
Bayram Annakov,Mobile Growth Model,,No Category,,https://mobilegrowthstack.com/mobile-growth-model-336ca8d9a840,article,"Mar 28 , 2017",mobilegrowthstack,https://mobilegrowthstack.com/,mobile-growth-model
Stefan Bhagwandin,Airbnb UX Analysis: Engaging Users With Frictionless Flows,,No Category,,https://www.leanplum.com/blog/ux-analysis-airbnb/,article,"Mar 16 , 2017",Leanplum,https://www.leanplum.com/,airbnb-UX-analysis-engaging-users-with-frictionless-flow
Loyd Tabb,"I'm Sorry, But Those Are Vanity Metrics",,No Category,,http://firstround.com/review/im-sorry-but-those-are-vanity-metrics/,article,,firstround,http://firstround.com/review/,im-sorry-but-hose-are-vanity-metrics
Francis Brero,Inbound Lead Qualification,,No Category,,https://clearbit.com/books/data-driven-sales/inbound-lead-qualification,article,"Apr 2 , 2017",clearbit,https://clearbit.com/,inbound-lead-qualification
Alex Heath,Snapchat just launched an attack on a key source of Facebook's ad revenue,,No Category,,http://www.businessinsider.fr/us/snapchat-adds-goal-based-bidding-for-app-install-ads-to-rival-facebook-2017-4/,article,"Apr 5 , 2017 ",businessinsider,http://www.businessinsider.fr/,Snapchat-just-launched-an-attack-on-a-key-source-of-Facebook's-ad-revenue
David Cancel,The Next Wave in sales & Marketing,,No Category,,https://blog.drift.com/next-wave-in-sales/,article,"Apr 4 , 2017",drift,https://www.drift.com/,The-Next-Wave-in-Sales-and-Marketing
Brian Balfour,"How You Battle the ""Data Wheel of Death"" in Growth",,No Category,,https://www.coelevate.com/essays/growth-data-mistakes,article,"Apr 4 , 2017",coelevate,https://www.coelevate.com/,How-You-Battle-the-Data-Wheel-of-Death-in-Growth
Drew Sanocki,Growing a Company from Bankruptcy to $10M in 10 Months with Rapid Growth Strategies,,No Category,,https://www.appcues.com/blog/growing-a-company-with-rapid-growth-strategies/,article,,Appcues,https://www.appcues.com/,Growing-a-Company-from-Bankruptcy-to-$10M-in-10-Months-with-Rapid-Growth-Strategies
Anthony Yu,Spending money to make money: How we measure our online advertising ,,No Category,,https://blog.intercom.com/how-we-measure-our-online-advertising/,article,,blog.intercom,https://blog.intercom.com/,Spending-money-to-make-money-How-we-measure-our-online-advertising
Alex Schultz,"How to Get Users and Grow - Alex Schultz, VP of Growth at Facebook",,No Category,,https://www.youtube.com/watch?v=URiIsrdplbo,video,"May 3 , 2017",Youtube,https://www.youtube.com/,How-to-Get-Users-and-Grow-Alex-Schultz-VP-of-Growth-at-Facebook
Andrus Purde,"How Pipedrive Reached 50,000 Paying Customers",,No Category,,http://purde.net/2017/05/pipedrive-growth-50000-customers/,article,"May 22 , 2017",Purde,http://purde.net/,How-Pipedrive-Reached-50-000-Paying-Customers
Jon Loomer,15 Facebook Ad Campaigns - Jon Loomer,,No Category,,https://www.jonloomer.com/2017/05/04/facebook-ad-campaigns/,article,"May 4 , 2017",johnloomer,https://www.jonloomer.com/,15-Facebook-Ad-Campaigns-Jon-Loomer
Ed Fry,"Secrets of Segmentation: Examples, Analysis and Strategy Guide",,No Category,,https://www.hull.io/blog/segmentation-strategy,article,"Jun 8 , 2017",hull,https://www.hull.io/,Secrets-of-Segmentation-Examples-Analysis-and-Strategy-Guide
Erik Devaney,Segment’s “Mad Scientist” Shares His Secrets for Driving Growth,,No Category,,https://blog.drift.com/segment-growth-secrets/,article,"Jun 8 , 2017",drift,https://www.drift.com/,Segments-Mad-Scientist-Shares-His-Secrets-for-Driving-Growth
Brian Balfour,Building a Growth Team from Zero to Fifty,,No Category,,https://www.coelevate.com/essays/building-a-growth-team-from-zero-to-fifty,article,"May 24 , 2017",coelevate,https://www.coelevate.com/,Building a Growth Team from Zero to Fifty
Jeff Dwyer,Deciding When to Call an AB Test: p-value Graphs,,No Category,,https://engineering.ezcater.com/deciding-when-to-call-an-ab-test-p-value-graphs,article,"Jun 1 , 2017",engineering.ezcater,https://engineering.ezcater.com/,Deciding-When-to-Call-an-AB-Test-p-value-Graphs
Noah Kagan,Inside Intercom’s Multi-million Dollar SaaS Growth Strategy,,No Category,,http://okdork.com/marketing-ideas-from-intercom/,article,"Jul 3 , 2017",okdork,http://okdork.com/marketing-ideas-from-intercom/,Inside-Intercoms-Multi-million-Dollar-SaaS-Growth-Strategy
Rohin Dhar,Content Strategy - Using Data To Create Content That Spreads,,No Category,,https://www.youtube.com/watch?v=DRtYeYxYrtg,video,"May 30 , 2017",youtube,https://www.youtube.com/,Content-Strategy-Using-Data-To-Create-Content-That-Spreads
Josh Steimle,The best marketers are mad scientists,,No Category,,http://mashable.com/2017/06/08/best-marketers-are-mad-scientists/,article,"Jun 8 , 2017",mashable,http://mashable.com/,The-best-marketers-are-mad-scientists
Maxime Salomon,Data-Driven Marketing: A 7-Step Guide,,No Category,,http://blog.reeport.io/data-driven-marketing/,article,"Jun 7 , 2017",reeport,http://blog.reeport.io/,Data-Driven-Marketing-A-7-Step-Guide
Darius Contractor,Increase funnel conversion with Psych,,No Category,,https://darius.com/increase-funnel-conversion-with-psych-7378d51c4caf,article,"Jun 12 , 2017",darius,https://darius.com/,Increase-funnel-conversion-with-Psych
Kieran Flanagan,How to Build Product Driven Growth,,No Category,,https://www.kieranflanagan.io/build-product-driven-growth/,article,"Apr 5 , 2017",Kieran Flanagan,https://www.kieranflanagan.io/,How-to-Build-Product-Driven-Growth
Andrew Chen,Startups and big companies should approach growth differently,,No Category,,http://andrewchen.co/startups-and-big-cos-should-approach-growth-differently/,article,,Andrewchen,http://andrewchen.co/,Startups-and-big-companies-should-approach-growth-differently
Gustaf Alstromer,Scaling Growth | Gustaf Alstromer (Airbnb) & Ed Baker (Uber),,No Category,,https://blog.ycombinator.com/scaling-growth-panel/,article,"Jun 22 , 2017",Ycombinator,https://blog.ycombinator.com/,Scaling Growth-Gustaf-Alstromer-Ed-Baker
Edward Ford,"How To Segment, Personalize & Automate Your SaaS Sales & Marketing At Scale with Ed Fry, Growth at Hull.io",,No Category,,http://www.advanceb2b.com/thegrowthhub/saas-podcast-episode-7-ed-fry-hull,article,"Jun 26 , 2017",advanceb2b,http://www.advanceb2b.com/thegrowthhub,How-To-Segment-Personalize-and-Automate-Your-SaaS-Sales-Marketing-At-Scale-with-Ed-Fry
Elisa Schreiber,How to grow a marketplace from start to scale,,No Category,,https://venturebeat.com/2017/06/21/how-to-grow-a-marketplace-from-start-to-scale-podcast/,article,"Jun 21 , 2017",venturebeat,https://venturebeat.com/,How-to-grow-a-marketplace-from-start-to-scale
Will Browne,A meta-analysis of 6700 online experiments,,No Category,,http://www.qubit.com/sites/default/files/pdf/qubit_meta_analysis.pdf,article,"Jun 22 , 2017",qubit,http://www.qubit.com/,A-meta-analysis-of-6700-online-experiments
Nikky Hofland,Product Driven Growth & User Feedback,,No Category,,https://www.youtube.com/watch?v=gyOsarle73M,video,"Jun 14 , 2017",youtube,https://www.youtube.com/,Product-Driven-Growth-and-User-Feedback
Brian Balfour,Inside the 6 Hypotheses that Doubled Patreon’s Activation Success,,No Category,,https://www.coelevate.com/essays/patreon-onboarding-growth,article,"Jun 20 , 2017",coelevate,https://www.coelevate.com/,Inside-the-6-Hypotheses-that-Doubled-Patreons-Activation-Success
Sean Ellis,Growth Needs a North Star Metric,,No Category,,https://www.linkedin.com/pulse/growth-needs-north-star-metric-sean-ellis,article,"Jun 21 , 2017",linkedin,https://www.linkedin.com/?trk=nav_logo,Growth-Needs-a-North-Star-Metric
Anu Hariharan,"Y-Combinator Growth Guide: How to Set Up, Staff and Scale a Growth Program",,No Category,,http://blog.ycombinator.com/growth-guide2017/,article,"Jul 20 , 2017",Ycombinator,http://blog.ycombinator.com/,Y-Combinator-Growth-Guide-How-to-Set-Up-Staff-and-Scale-a-Growth-Program
Bernard Huang,B2B SEO: Content That Ranks,,No Category,,https://clearbit.com/books/data-driven-marketing/b2b-seo-content-that-ranks,article,"Jul 27, 2017",clearbit,https://clearbit.com/,B2B-SEO-Content-That-Ranks
Kieran Flanagan,How to Create a Multi-Million Dollar Acquisition Strategy,,No Category,,https://www.kieranflanagan.io/create-multi-million-dollar-acquisition-strategy/,article,"Jun 27 , 2017",Kieran Flanagan,https://www.kieranflanagan.io/,How-to-Create-a-Multi-Million-Dollar-Acquisition-Strategy
Julia Chen,How 5 Top Project Management Tools Onboard Users (to Win Over Their Whole Team),,No Category,,https://www.appcues.com/blog/project-management-tools-user-onboarding/?utm_source=growth-bakery&utm_medium=newsletter&utm_campaign=project-management-tools-user-onboarding/,article,,Appcues,https://www.appcues.com/,How-5-Top-Project-Management-Tools-Onboard-Users-to-Win-Over-Their-Whole-Team
Brian Balfour,Get Out of the ARPU-CAC Danger Zone with Channel Model Fit,,No Category,,https://www.coelevate.com/essays/channel-model-fit-for-user-acquisition,article,"Jul 18 , 2017",coelevate,https://www.coelevate.com/,Get-Out-of-the-ARPU-CAC-Danger-Zone-with-Channel-Model-Fit
Ed Fry,Customer data integration: How to fix your SaaS fRaNkenSTaCk,,No Category,,https://www.hull.io/blog/customer-data-integration,article,"Jul 25 , 2017",hull,https://www.hull.io/,Customer-data-integration-How-to-fix-your-SaaS-fRaNkenSTaCk
Brian Balfour,The Model Market Fit Threshold & What it Means for Your Growth Strategy,,No Category,,https://www.coelevate.com/essays/model-market-fit-threshold-for-growth,article,"Jul 26, 2017 ",coelevate,https://www.coelevate.com/,The-Model-Market-Fit-Threshold-and-What-it-Means-for-Your-Growth-Strategy